chr,start,end,width,Conc,Conc_SF_K9Me3,Conc_BF_K9Me3,Fold,p.value,FDR
AaegL5_3,258080712,258087502,6791,3.373903729,1.831653979,4.102172901,-2.270518922,3.96421998700792e-08,6.74710241788749e-05
AaegL5_1,101754512,101825290,70779,6.817944618,7.401225516,5.822977697,1.578247819,2.14286946404401e-07,0.000182358
AaegL5_1,86485705,86498529,12825,4.047927487,2.670811914,4.739472599,-2.068660685,7.68813481099018e-07,0.000436174
AaegL5_1,90639907,90643546,3640,1.413452025,2.227343874,0,2.227343874,4.41086980128556e-06,0.001876825
AaegL5_1,18717177,18772401,55225,6.309490459,6.725227584,5.723127689,1.002099895,9.24416881549403e-06,0.003146715
AaegL5_1,91819581,91827670,8090,3.86038133,4.40474086,2.975753503,1.428987358,1.26762579294655e-05,0.003595832
AaegL5_2,225018421,225035457,17037,3.809976265,1.918995301,4.601062104,-2.682066804,1.78337887286239e-05,0.004336158
AaegL5_1,21500099,21506552,6454,3.362453402,2.292631345,3.969958662,-1.677327317,2.36352560535438e-05,0.005028401
AaegL5_3,289853635,289856911,3277,1.782899772,0,2.710710162,-2.710710162,4.8808960996004e-05,0.009230317
AaegL5_1,86396368,86404178,7811,2.733925167,0.925909307,3.511642873,-2.585733565,7.53027487258701e-05,0.012816528
AaegL5_2,42815385,42818526,3142,2.895939101,1.831653979,3.501708804,-1.670054826,8.63116313783297e-05,0.013354763
NIGP01000675,41935,44251,2317,3.105609881,2.379739984,3.58625516,-1.206515176,0.00012398,0.017059754
AaegL5_3,112619557,112639294,19738,4.823744392,3.914017601,5.377315378,-1.463297777,0.000130304,0.017059754
AaegL5_2,275211324,275303525,92202,7.165197599,6.52150793,7.608725881,-1.08721795,0.000184069,0.022377568
AaegL5_1,18791181,18812590,21410,5.54816,6.032276648,4.81424687,1.218029778,0.000238491,0.02706076
AaegL5_2,287383374,287391301,7928,3.165764396,1.593484944,3.900179946,-2.306695002,0.000263672,0.0280481
AaegL5_3,291093560,291096335,2776,2.996758211,3.63740659,1.815511723,1.821894867,0.000294906,0.0295253
AaegL5_3,319334502,319341233,6732,3.61181095,2.638889545,4.187633117,-1.548743572,0.00032239,0.030483786
AaegL5_2,439030346,439047498,17153,4.834047247,5.365878063,3.982622854,1.383255208,0.000363139,0.031111535
AaegL5_1,190665754,190668614,2861,2.587511364,1.353500471,3.242740563,-1.889240092,0.000365588,0.031111535
AaegL5_3,123618171,123624771,6601,3.351233217,2.388298099,3.923626082,-1.535327983,0.000389006,0.031528012
AaegL5_1,105594429,105612992,18564,5.42297472,5.883706232,4.74203892,1.141667312,0.00041788,0.03232872
AaegL5_2,276694917,276726129,31213,5.749765704,5.279729015,6.103714229,-0.823985214,0.00043766,0.032381345
AaegL5_3,309830120,309839850,9731,4.227416733,4.857642132,3.08242795,1.775214182,0.000456611,0.032381345
AaegL5_3,27820960,27827820,6861,4.344236093,4.820432427,3.628581389,1.191851038,0.000489154,0.033301578
AaegL5_1,254989816,254997124,7309,4.287714787,4.768133437,3.562367771,1.205765666,0.000520219,0.034054316
AaegL5_2,263512283,263514291,2009,1.360502568,0,2.122177035,-2.122177035,0.000564381,0.035576891
AaegL5_2,109684304,109691272,6969,3.788379664,3.037277773,4.279822758,-1.242544985,0.000647449,0.039355632
AaegL5_1,171147083,171166972,19890,5.805529608,6.145224614,5.360385544,0.78483907,0.000779389,0.045742076
AaegL5_3,240119312,240142584,23273,5.849662419,5.316481925,6.238094844,-0.921612919,0.000807369,0.045804715
AaegL5_3,290401644,290403246,1603,1.549147312,0.825000818,2.029045178,-1.20404436,0.000903245,0.049591047
AaegL5_3,7765246,7774115,8870,3.797617839,2.832741517,4.370679816,-1.537938299,0.00102584,0.054561842
AaegL5_2,283042487,283177326,134840,7.817386062,7.333962492,8.178842018,-0.844879526,0.00106503,0.054929716
AaegL5_2,78492261,78494017,1757,2.002617248,0,2.876313952,-2.876313952,0.001135407,0.055064779
AaegL5_1,13881662,13895348,13687,4.87911502,5.27911058,4.323773923,0.955336657,0.001170968,0.055064779
AaegL5_2,100495978,100501441,5464,3.13969431,3.749744217,2.061703315,1.688040903,0.001186508,0.055064779
AaegL5_3,36396197,36398638,2442,1.98852695,2.450141998,1.305639835,1.144502163,0.00119706,0.055064779
AaegL5_2,165818201,165820413,2213,2.766368447,1.011086621,3.535111468,-2.524024846,0.001503469,0.067339606
AaegL5_3,107255036,107261796,6761,4.002700773,4.489268578,3.263069385,1.226199193,0.001630043,0.070064467
AaegL5_2,330436670,330447350,10681,4.045193851,3.324160411,4.523738381,-1.19957797,0.001657723,0.070064467
AaegL5_2,430113477,430125339,11863,4.455746405,3.762873314,4.921855962,-1.158982647,0.001717479,0.070064467
NIGP01002215,9793,19546,9754,4.575884676,4.946788961,4.075333867,0.871455094,0.001848149,0.070064467
AaegL5_2,301119515,301128442,8928,4.800426911,4.218160253,5.214114597,-0.995954343,0.001867259,0.070064467
NIGP01001915,11671,50542,38872,6.038118773,6.359592275,5.62383861,0.735753666,0.001903363,0.070064467
AaegL5_2,383683055,383689983,6929,4.145554755,4.579754976,3.521485889,1.058269087,0.001909384,0.070064467
AaegL5_2,283006056,283009587,3532,3.401556706,2.806145003,3.821790562,-1.015645559,0.001914917,0.070064467
AaegL5_3,281836370,281841498,5129,3.093024004,2.418344526,3.550910969,-1.132566442,0.0019348,0.070064467
AaegL5_1,243287616,243290132,2517,1.547079446,0,2.30758672,-2.30758672,0.002243927,0.079565908